id,description_chi,year,month,day
plxh-0001,"河北省廣大人民群眾經過七年艱苦奮戰，取得了治理海河的巨大成績，基本上控制了海河流域的洪澇炎害，扭轉了這個地區長期缺糧的歷史。
因為海河支流新子牙河上新建的穿又工程。",1970,11,25
plxh-0002,"毛主席的光輝哲學思想已成為中國社會主義革命和社會主義建設向前發展的強大推動力。
圖為北京化工三廠甲醛車間的工人在學習《矛盾論》。",1970,11,25
plxh-0003,一九七〇年，河北省遵化縣花生獲得豐收，單位面積產量和總產量均超過歷史最高水平。圖為馬蘭峪公社石各莊大隊社員在翻曬花生。,1970,12,4
plxh-0004,廣州縫紉機廠生產的 '華南牌' 縫紉機，不但能滿足本地的需要，而且還運往外地。,1970,11,25
plxh-0005,"中國廣大量貧下中農用毛主席的哲學思想改天換地，促進了農業生產的發展。
這是吉林省東風縣臥牛三隊的社員與解放軍毛澤東思想宣傳隊的同志一起，在田頭學習毛主席哲學思想。",1970,11,25
plxh-0006,浙江省嘉善農機修造廠工人，以沖天的革命幹勁，提前七個月完成全年電耕犁生產任務。為實現農業機械化作出了新貢獻。,1970,11,25
plxh-0007,狠抓革命，猛促生產，迎接四屆人大召開' —— 浙江省平湖縣全塘公社貧下中農提出了這樣的口號。這是他們正在選揀豐收新棉。,1970,11,25
plxh-0008,"青海省汽車配件廠工人遵照毛主席關於 '打破洋框框，走自己工業發展道路' 的教導，大搞群眾運動，自行設計製造了 '青海湖' 牌載重汽車，結束了青海省只能修配不能製造汽卓的歷史。
圖為工人門正在裝配 '青海湖' 牌載重汽車。",1970,11,25
plxh-0009,寧夏回族自治區銀川棉紡織廠革命工人在提前五十三天完成一九七〇年生產任務後，又以更大的革命幹勁，投入了新的戰鬥。,1970,11,25
plxh-0010,"浙江省繼一九六九年全省糧食跨《綱要》後，今年水稻又獲豐收。
圖為海鹽縣沉落盪公社社員喜收晚稻。",1970,12,4
plxh-0011,陝西省咸陽市鹼灘大隊改鹼灘為良田，一九七〇年在遭受旱災的情況下，糧食畝產達到七百斤以上。圖為豐收場上一角。,1970,12,4
plxh-0012,"西蒙高原的農業生產一九七〇年又獲得豐收。
這是東嘎人民公社社員正在精選良種。",1970,11,25
plxh-0013,"遼寧省提前八十天超額完成了一九七〇年煤灰生產計劃。
圖為阜新礦務局邱煤礦 '八一' 掘進隊正在採煤。",1970,11,25
plxh-0014,"遼寧省鞍鋼廣大工人，深入開展群眾性的技術革新運動，使鋼鐵生產出現持續上升的大好形勢。
這是大批優質鋼材正在外運。",1970,11,25
plxh-0015,上海市郊南匯縣泥城人民公社社員，滿懷豐收的喜悅，向國家交售新棉。,1970,12,4
plxh-0016,中國著名葡萄產地——新疆維吾爾自治區吐魯番幸福大隊社員喜談豐收體會。,1970,12,4
plxh-0017,"一九七〇年，中國農業連續第九年獲得豐收。
圖為安徽省一個農場正在收小麥。",1971,1,21
plxh-0018,提前兩個月完成一九七〇年生產計劃的上海重型機器廠，正在成批製造大型純氧頂吹轉爐。,1971,1,21
plxh-0019,大批工農兵大學生，跨進了新型的社會主義大學。圖為清華大學老工人進修班的學員在上繪圖課。,1971,1,21
plxh-0020,隨著工農業生產的飛躍發展，中國城鄉市場呈現一派繁榮景象。圖為上海人民在選購各種棉布。,1971,1,21
plxh-0021,在毛主席的 '以糧為綱，全面發展' 方針指引下，廣東省一九七〇年甘蔗產量比一九六九年增產三成多。圖為東莞縣中堂公社甘蔗豐收。,1971,1,21
plxh-0022,中國人民執行偉大領袖毛主席關於 '獨立自主、自力更生、艱苦奮鬥、勤儉建國' 的方針，勝利完成了發展國民經濟的第三個五年計劃。石油工業提前兩年完成了第三個五年計劃。至為大慶煉油廠一角。,1971,1,21
plxh-0023,西藏隆子縣列表公社廣大社員以大寨為榜樣，開山造田，興修水利，糧食連年豐收。圖為社員們正在打場。,1971,1,21
plxh-0024,內蒙古包頭市無線電元件廠的工人在設備十分簡陋的條件下，自己製造設備，為國家生產了大批電子產品。這是工人在安裝一台生產電子產品的設備。,1971,1,21
plxh-0025,中國人民解故軍海軍某部 '海上先鋒艇' 指戰員百倍警惕地巡邏在祖國海防線上，以實際行動響應毛主席 '提高警惕，保衛祖國' 的偉大號召。,1971,1,21
plxh-0026,湖南省南部地區修建的歐陽海港區工程，可灌溉農田四萬八千公項。圖為該灌區的一條灌渠。,1971,1,21
plxh-0027,上海第六人民醫院骨科醫生陳中偉（中）和同志們在毛主席光輝哲學思想指引下，正在研究如何進一步接好肢體血管。中國的斷肢再植術有了新發展。,1971,1,21
plxh-0028,在遼寧省長海縣獐子公社 '三八號' 運洋漁船上參加勞動的五名女知識青年，經過兩年的艱苦磨練，掌握了捕魚技術。圖為她們正在捕魚。,1971,2,18
plxh-0029,為了充分發揮女工在生產鬥爭、階級鬥爭和科學實驗三大革命鬥爭中的作用，北京第一機床廠建立了托兒所和幼兒園，以減輕女工的家務負擔、促生產中作出更多的貢獻。,1971,2,18
plxh-0030,糧、棉產量超過《全國農業發展綱要》規定指標的浙江省，一九七〇年又獲得農業新豐收。圖為肖山縣社員在翻曬新棉。,1971,1,21
plxh-0031,中國南部某海島女民兵，苦練殺敵本領，隨時準備殲滅入侵之敵。,1971,2,18
plxh-0032,中國乒乓球隊女子隊隊員們，戒驕戒躁，認真總結經驗，苦練過硬本領，決心為偉大社會主義祖國的體育事業作出新貢獻。,1971,2,18
plxh-0033,天津市第二毛紡織廠細紗車間女工，結合生產鬥爭、階級鬥爭和科學實驗的實踐，學習毛主席的哲學思想，批判劉少奇的修正主義路線。,1971,2,18
plxh-0034,中共中央委員、內蒙古自治區烏審召公社革委會主任寶日勒岱，經常深入實際，調查研究，密切聯繫群眾，受到廣大牧民的愛戴。國為寶日勒岱（右一）在貧下中牧家裡同他們親切交談。,1971,2,18
plxh-0035,大慶油田 “青年女子井組” 是由兩年前參加工作的十二名女青年組成的，她們在革命鬥爭中鍛煉成長，被譽為大慶管好油井的 ”鐵姑娘”。,1971,2,18
plxh-0036,湖南省株洲縣長嶺林場的知識青年，同貧下中農一起開山劈嶺，艱苦創業，建設社會主義新農村。,1974,8,2
plxh-0038,中國廣大農村婦女自力更生、艱苦奮鬥，在發展農業生產中起了巨大的作用。這是廣東省羅定縣旗垌大隊的 '鐵站娘” 班在開荒造田。,1971,2,18
plxh-0039,十月一日。北京人民在天壇公園舉行盛大遊園聯歡活動，熱烈慶祝中華人民共和國成立二十四周年。,1973,10,1
plxh-0040,北京人民在頤和園舉行盛大遊團聯歡，熱烈慶祝  '五一' 國際勞動節。,1974,5,1
plxh-0041,中央民族學院各民族師生在北京中山公園參加慶祝  “五一” 國際勞動節的遊園活動。,1974,5,1
plxh-0042,"新疆十月拖位機廠的各族革命工人，以毛主席的哲學思想為武器，狠抓革命，猛促生產，提前五十五天超額完成了一九七〇年生產計劃。
這是工人檢驗自行設計製造的 “紅十月” 40型拖拉機。",1970,11,25
plxh-0043,中共中央委員、沉陽市革命委員會副主任李素文同志（右一），經常深入到基層單位，保持和群眾的密切聯繫。這是她和瀋陽市東方紅副食品商店的工作人員一起交談學習毛主席著作的體會。,1971,2,18
plxh-0044,新疆生產的優質毛線在烏魯木齊市場上受到顧客的歡迎。,1970,12,30
plxh-0045,"中國廣大女民兵響應毛主席關於 “提高警惕，保衛祖國” 的偉大號召，從思想上、物質上、組織上進一步加強戰備。
圖為廣西壯族自治區一個生產大隊女民兵們在學習時事。",1971,2,18
plxh-0046,上海無線電十七廠十九歲的女工余婉貞（左），在老工人和領導幹部的幫助和支持下，試製成功一種高級電子元件，為我國電於工業的發展作出了貢獻。,1971,2,18
plxh-0047,湖南省衡陽縣上峰公社的衛生人員同解放軍醫務工作者一起跋山涉水，到山村去為貧下中農治病。,1971,2,18
plxh-0048,中國人民解放軍空軍某部女飛行員，用毛主席的光輝思想改造自己的世界觀，鞏固地樹立為人民服務的思想。這是她們和戰友們一起學習毛主席著作。,1971,2,18
plxh-0049,遵照毛主席關於 '要從有實踐經驗的農民中間選拔學生' 的教導，清華大學已招收了近千名工農兵學員，其中許多是女學員。這是女學員在研究電子計算機線路板。,1971,2,18
plxh-0051,這是越南北方交通運輸線上的一座炸不斷的橋樑。美國強盜的九十九架飛機，在橋的周圍被越南軍民擊落。如今，這座橋依然的岣立，運輸暢通。橋的上端寫著： '一切為了戰勝美國侵略強盜！' ,1970,11,23
plxh-0052,武漢市武漢肉類聯合加工廠加工的大批豬肉正運往市場。,1970,12,30
plxh-0053,北京市一九七〇年蔬菜上市量比一九六九年顯著增長。圖為北京郊區蔬菜正運往城市。,1970,12,30
plxh-0054,"山東省濱縣楊柳雪大隊連續八年獲得了糧棉雙豐收。
這是社員們在採摘新棉。",1970,12,4
plxh-0055,"西藏自治區邢郝曲縣紅旗人民公社革命和生產形勢越來越好，今年更是一派豐收景象。
這是公社的羊群。",1970,12,4
plxh-0056,浙江省黃麻主要產區——肖山縣今年黃麻又獲得好收成。,1970,12,4
plxh-0057,"革命大批判肅清劉少奇反革命修正主義路線的餘毒，煥發起中國工人階級極大的積極性和造性。
這是上海造船廠的工人正在召開現場批判會。",1970,11,25
plxh-0058,中共中央委員、沉陽市革命委員會副主任李素文堅持參加勞動，密切聯繫群眾。圖為李素文（右二）回到原來所在的副食商店賣菜。,1970,12,30
plxh-0059,中國自行設計製造的第一台超重型立式車床，只用了七個月時間，今年在武漢重型機床廠就製成功。工人們熱烈慶祝這台機床的誕生。,1970,11,25
plxh-0060,"安徽省固鎮縣瓦坊大隊社員，運用毛主席哲學思想，在大面積的低窪地上種植水稻，獲得了畝產八百多斤的好收成。
這是社員翻曬稻穀，準備向國家交售。",1970,12,4
plxh-0061,"遼寧省盤錦地區廣大貧下中農在鹽鹼地上開荒造田，奪得了糧食豐收，為改變南糧北調作出了貢獻。
圖為盤錦地區生產的大批糧食外運。",1970,11,25
plxh-0062,英勇的阿爾巴尼亞人民，在以恩維爾·霍查為首的阿爾巴尼亞勞動黨的領導下，一手拿搶，一手拿鎬，堅持不懈地同帝修反進行針鋒相對的鬥爭，勝利地保衛了偉大的社會主義祖國。圖為阿爾巴尼亞軍民聯防，緊握手中搶，築成保衛祖國的鐵壁銅牆。,1970,12,12
plxh-0063,"北京印染廠廣大工人大搞群眾性技術革新運動，不斷提高生產能力，一九七〇年提前三個多月完成國家生產計劃。
圖為整裝車間工人正在檢驗成品。",1970,11,25
plxh-0064,在越南人民的偉大領袖胡志明主席逝世一周年的時候，千百萬越南人民決心更加勇敢地戰鬥，實現胡志明主席的遺囑。連年獲得 '決戰決勝' 稱號的某連指戰員說： “只要人在就要堅守陣地，決心抗擊美國強盜直到完全勝利。' ,1970,11,23
plxh-0065,英國倫敦示威者舉著寫有 '全世界人民團結起來，打敗美國侵略者及其一切走狗！' 的毛主席語錄牌，前往美國大使館，抗議美帝國主義的侵略政策和戰爭政策。,1970,12,12
plxh-0066,拉丁美洲人民，在美國的後院點燃了反美熊熊烈火。圖是委內瑞拉學生，拿著寫有 “尼克松是屠殺柬埔寨人民的割子手' 的巨幅標語，在加拉加斯示威，強烈抗議美帝國主義擴大侵略印度支那戰爭的罪行。,1970,12,12
plxh-0067,意大利人民在羅馬示威，抗議戰爭瘟神尼克松到意大利進行陰謀活動。,1970,12,12
plxh-0068,"非洲人民反對新老殖民主義鬥爭的烈火越燒越旺。
圖是堅持武裝鬥爭的莫三鼻給愛國務裝力量戰士在加緊訓練。",1970,12,12
plxh-0069,英雄的巴勒斯坦人民，不怕威脅，不受欺騙，進行武裝鬥爭，堅持反對美帝國主義和猶太復國主義的侵略。,1970,12,12
plxh-0070,美國人民不斷覺醒，反對美帝國主義內外政策的革命群眾運動，一浪高一浪，沉重地衝擊著美國壟斷資本集團的統治。圖為紐約群眾集會，抗議尼克松政府推行侵略政策和戰爭政策。,1970,12,12
plxh-0071,朝鮮人民堅決反對美日反動派復活日本軍國主義，反對美帝國主義霸占南期鮮，英勇地回擊了美帝國主義的戰爭挑釁。圖為朝鮮元山市人民舉行反美集會。,1970,12,12
plxh-0072,日本人民在東京舉行聲勢浩大的集會和示威，堅決反對日美 '安全條約' 和日美 '聯合公報' ，強烈抗議美日反動派復活日本軍國主義的罪行。,1970,12,12
plxh-0073,北京市平谷縣南宅大隊用毛主席的哲學思想指導種田，糧、棉產量不斷提高，今年又獲得大豐收。,1970,12,4
plxh-0074,天津市場上，肉類、水果、罐頭等食品供應充足，一片繁榮。圖為顧客在選購水果。,1970,12,30
plxh-0075,廣州市輕工業部門積極發展地方輕工業，使市場出售的日用工業品更豐富多采。圖為顧客在選購本地生產的縫印機。,1970,12,30
plxh-0076,越南的女民兵，在抗美救國的鬥爭中立下了豐功偉績。這是處在越南海防前哨的仁澤鄉女民兵，迎著海風，在海岸上巡邏。,1970,11,23
plxh-0077,山西省平順縣西溝大隊社員在今年糧食獲得豐收以後，繼續發揚艱苦奮鬥精神，治山造田。,1970,11,25
plxh-0078,在無產階級文化大革命中誕生的西藏第一個毛紡廠——林芝毛紡廠的各族工人團結一致，為建設新西藏作出了貢獻，今年以來，這個廠的生產指標月月刷新。圖為漢族女工（左）向藏族女工傳授接頭技術。,1970,11,16
plxh-0079,"居住著壯族、漢族、苗族等六種民族的廣西隆林各族自治縣人民高舉 “九大” 團結、勝利的旗幟，以大寨為榜樣，自力更生，大搞農田基本建設，改變了山區面貌。
這是各族社員在水利工地上狠批大叛徒劉少奇的 “山區落後論”。",1970,11,16
plxh-0080,"海南島黎族苗族自治州華北大隊獲得了七十年代第一個早稻豐收。
這是社員們準備把最好的糧食交售給國家，用實際行動支援世界革命。",1970,11,16
plxh-0081,"軍民團結如一人，試看天下誰能敵？'
吉林省延邊朝鮮族老大娘正在給野營訓練的解放軍戰士送水。",1970,11,16
plxh-0082,"中國各族人民無限熱愛偉大領袖毛主席。
這是苗族貧下中農在黨的九屆二中全會公報發表後，懷著深厚的無產階級感情喜看毛主席像。他們決心以 “抓革命，促生產' 的新勝利向毛主席報喜。",1970,11,16
plxh-0083,"在黨的 '九大' 精神的光輝指引下，新疆烏魯木齊市八道
灣煤礦各族工人，在很短的時間內，自力更生，新建一口斜井。
這是他們歡慶新井投產。",1970,11,16
plxh-0084,"寧夏回族自治區吳忠縣廣大貧下中農用毛澤東思想改天換地，把鹽鹼湖灘改造成排灌暢通、連年高產的米糧川。
這是古城大隊社員正在加強田間管理，誓奪今年農業更大豐收。",1970,11,16
plxh-0085,新疆伊犁哈薩克自治州活學活用毛澤東思想積極分子江格力西（右三）一家，在舉辦家庭毛澤東思想學習班。,1970,11,16
plxh-0086,"在毛主席的無產階級革命路線指引下，內蒙古自治區的貧下中牧經過艱苦奮戰，畜牧業生產連年獲得豐收。
這是錫林郭勒盟白音烏拉大隊領導成員和支左解放軍戰士一起剪羊毛。",1970,11,16
plxh-0087,廣州海珠肉菜市場的售貨員正在準備南方臘味，迎接顧客。,1970,12,30
plxh-0088,"內蒙古自治區烏審召公社黨支部書記寶日勒岱（左二）密切聯繫群眾，堅持參加集體生產勞動，受到群眾的好評。
這是她和社員們一起下地勞動。",1970,11,16
plxh-0089,包頭市商店的售貨員推著流動服務車，把商品送到包頭鋼鐵公司工地上，方便工人群眾。,1970,12,30
plxh-0090,新疆維吾爾自治區一九七〇年畜牧業獲得大幅度增產，保證了牛羊肉的充分供應。圖為烏魯木齊市的居民在購買羊肉。,1970,12,30
plxh-0091,棉布、服裝、呢絨、塑料製品等日用工業品品種繁多，充分滿足了廣大人民的需要。圖為北京市的一個百貨商場。,1970,12,30
plxh-0092,新出廠的自行車和摩托車受到顧客歡迎。,1970,12,30
plxh-0093,隨著農村購買力的不斷提高，銷售農村的日用工業品連年增長。圖為公社社員在浙江省平湖縣百貨公司選購商品。,1970,12,30
plxh-0109,追剿隊和民兵由李勇奇帶路，迎風破雪，登山崖、躍斜坡，飛速前進。,1970,11,21
plxh-0095,西藏自治區革命委員會委員、翻身農奴次仁拉姆（前右）、巴桑（前左）、央宗（前中）和革委會其他成員在一起交流用毛澤東思想建設新西藏的體會。,1970,11,16
plxh-0102,楊子榮英武矯健，勇敢豪邁，在茫茫林海雪原中，飛槍打虎。,1970,11,21
plxh-0107,楊子榮打入匪窟，以無產階級的革命智慧和勇敢，智鬥群魔。,1970,11,21
plxh-0098,"在黨的 “九大' 精神鼓舞下，中國各族人民活學活用毛澤東思想的群眾運動繼續深入發展。
這是北京針織廠革命工人暢談學習毛主席哲學思想的體會。",1970,11,16
plxh-0099,"雲南省西雙版納傣族自治州團結寨各族人民，在毛主席關於 '團結起來，爭取巨大的勝利' 的偉大號召指引下，共同建設社會主義新農村，糧食連年豐收。
這是各族人民活躍在水利工地上。",1970,11,16
plxh-0100,河北省臨西縣東留善固大隊黨支部書記呂玉蘭，朝氣篷勃地同廣大社員一起沿著毛主席指引的社會主義道路前進。,1970,11,16
plxh-0108,李勇奇盼到了救星解放軍，激情滿懷，決心跟定共產黨掃平威虎山。,1970,11,21
plxh-0096,楊子榮胸懷朝陽，頂天立地，英勇機智地隻身戰斗在匪巢。,1970,11,21
plxh-0094,獵戶女兒常寶懷著對敵人的深仇大恨，堅決要求參加攻打威虎山的戰鬥。,1970,11,21
plxh-0097,楊子榮機智沉著，抓住敵人的虛弱本質主動進攻，處死半路逃生跑到威虎山的土匪樂平。,1970,11,21
plxh-0103,為了拍攝好革命現代京劇《智取威虎山》彩色彩片，北影攝製組的同志在駐廠解放軍毛澤東思想宣傳隊的領導下，遇抓階級教育，通過憶苦思情，大大提高了階級覺悟和為工農兵服務的自覺性。這是攝製組的同志在參現天津三條石階級教育展覽會。,1970,11,21
plxh-0101,導演和演員一起細心研究怎樣拍好表現無產階級英雄人物的鏡頭。,1970,11,21
plxh-0104,攝製人員和文藝工作者發揮革命幹勁，夜以繼日地進行工作。圖為他們在拍攝偵察排長楊子榮深山問苦一場戲。,1970,11,21
plxh-0105,這是在拍攝《智取威虎山》中楊子榮計送情報的現場。,1970,11,21
plxh-0106,攝製人員經過反覆試驗，製成富有雪的質感的冰花樹等積雪物。圖為置景工人正在試製冰花樹。,1970,11,21
plxh-0110,柬埔寨人民，在國家元首諾羅教·西哈努克親王和柬埔寨民族統一陣線的領導下，拿起武器，英勇戰鬥，已經解放了全國近三分之二的國土和近一半的人口。圖為被柬埔寨民族解放武裝力量炸毀的橋樑，以破壞敵人的運輸。,1970,12,12
plxh-0111,越南南方愛國軍民，為解放南方，保衛北方，進而和平統一祖國，與老撾人民和柬埔寨人民並肩戰鬥，把世界上最兇惡的美帝國主義打得焦頭爛額。圖為越南南方人民解放武裝力量戰士砲擊谷拜的美偽軍。,1970,12,12
plxh-0112,老撾愛國軍民，與越南人民和柬埔寨人民齊心協力，英勇抗擊美國侵略強盜，取得了偉大勝利。圖為老撾人民解放軍防空部隊戰士，嚴陣以待，時刻準備懲罰美國空中強盜。,1970,12,12
plxh-0113,越南北方人民，邊戰鬥，邊生產，決心實現胡志明主席的遺囑，同老撾人民和柬埔寨人民緊密團結，互相支持，把抗美救國戰爭進行到底。,1970,12,12
plxh-0114,金星紅旗的光輝照耀著邊海河兩岸，它鼓舞著千百萬越南人民為徹庭打敗美國侵略者而勇敢戰鬥！,1970,11,23
plxh-0115,在戰火紛飛的日子裡，越南人民堅持自力更生精神努力發展工業生產，支援抗美救國戰爭。這是為對付敵人轟炸而建立起來的山洞工廠。,1970,11,23
plxh-0116,英雄的越南人民軍戰士。,1970,11,23
plxh-0117,年輕的越南人民軍空軍，在偉大的抗美救國戰爭中屢建戰功。戰鬥英雄黎海已擊落了五架美園強盜飛機。,1970,11,23
plxh-0118,越南民兵配合越南人民軍狠狠打擊美國侵略強盜。這是越南北方前哨——水靈特區的民兵們正在巡邏。,1970,11,23
plxh-0119,“歌聲壓倒炸彈聲！' 這是越南人民的充滿著革命樂觀主義精神的豪邁口號。這是廣平省廣寧縣寶寧鄉青年坐在美帝國主義的炸彈殼上高唱抗美救國歌曲。,1970,11,23
plxh-0120,越南高射砲部隊某部戰士堅守在戰鬥崗位上。這個高射砲連隊連續幾年被評為英雄單位，幾年來，他們擊落了數十架美國侵略強盜飛機。,1970,11,23
plxh-0121,在戰鬥的歲月裡，越南廣平省安水鄉美露農業合作社社員一面在田間勞動，一面警惕地守衛天空。,1970,11,23
plxh-0125,周恩來同志為團長、葉劍英和邱會作同志為副團長的中國黨政代表團，圓滿地結束了對英雄的越南民主共和國的友好訪問。滿載著兄弟的越南人民對中國人民的深情厚誼，三月八日下午乘專機離開河內回國。圖為在主席府花園裡舉行隆重的歡送儀式。,1971,3,10
plxh-0126,"中共中央政治局常委、國務院總理周恩來同志為團長，中共中央政治局委員、中共中央軍委副主席葉劍英同志和中共中央政治局委員、中國人民解放軍副總參謀長邱會作同志為副團長的中國黨政代表團，在圓滿地結束了對越南民主共和國的友好訪問以後，三月八日乘專機到達北京。
西哈努克親王和夫人，賓努首相和夫人，越南民主共和國駐中國大使館臨時代辦黎俊同志，越南南方共和駐中國大使館參贊陳平同志到機場歡迎中國黨政代表團。
我國黨政領導同志黃永勝、姚文元、李先念、吳法憲、李作鵬、紀登奎、李德生、汪東興、郭沫若前往機場迎接。",1971,3,10
plxh-0127,中國黨政代表團團長周恩來同志和副團長葉劍英同志，三月七日下午在范文同同志、黎清毅同志的陪同下，訪問了河內 '三·八' 縫織廠，受到全廠職工極其熱烈的歡迎。,1971,3,10
plxh-0128,周恩來同志為團長、葉劍英和邱會作同志為副團長的中國黨政代表團三月五日到達河內時，在市中心的芝靈公園廣場舉行了隆重的歡迎儀式。,1971,3,10
plxh-0129,"中國黨政代表團在訪問越南期間，同越南勞動黨和越南民主共和國政府代表團，就當前印度支那局勢和中越兩國共同關心的問題在主席府進行了會談。
會談是在極為親切友好的氣氛中進行的，充分體現了中越兩國人民的兄弟友誼和戰鬥團結。",1971,3,10
plxh-0130,周恩來同志為團長、葉劍英和邱會作同志為副團長的中國黨政代表團，應越南勞動黨和越南民主共和國政府的邀請，三月五日下午乘專機到達河內，對兄弟鄰邦越南民主共和國進行友好訪問。圖是中國黨政代表團乘車進入河內市區時，受到成千上萬群眾的極為隆重、熱烈的夾道歡迎。,1971,3,10
plxh-0131,越南首都河內市各界人民代表，三月六日晚在巴亭會堂舉行極其隆重的盛大集會，最熱烈地歡迎周恩來同志為團長、葉劍英和邱會作同志為副團長的中國黨政代表團。圖為黎筍同志在會上致開幕詞。,1971,3,10
plxh-0132,中國黨政代表團副團長邱會作同志，在武元甲同志和馮世才同志陪同下，三月七日下午訪問了越南人民軍防空空軍某部。,1971,3,10
plxh-0133,中國黨政代表團三月五日下午拜訪了越南民主共和國主席、越南勞動黨中央委員會、越南民主共和國國會和越南民主共和國政府。,1971,3,10
plxh-0134,中國黨政代表團三月七日晚上在河內迎賓館舉行盛大宴會，最熱誠地感謝越南勞動黨中央委員會和越南民主共和國政府對代表團的極其隆重熱烈的歡迎和接待。,1971,3,11
plxh-0135,越南勞動黨中央委員會和越南民主共和國政府三月五日晚舉行盛大宴會，熱烈歡迎周恩來同志為團長、葉劍英和邱會作同志為副團長的中國黨政代表團。,1971,3,10
plxh-0136,河內市行政委員會主席陳維興同志，代表河內市人民，向中國黨政代表團贈送一幅嵌刻著越中偉大友誼的締造者胡主席和毛主席親切握手的光輝形象的磨漆畫。圖為周恩來同志和葉劍英同志莊嚴地接受河內市各界人民的這一珍貴禮物。,1971,3,10
plxh-0137,越南首都河內市各界人民代表，三月六日晚在巴亭會堂舉行極其隆重的盛大集會，最熱烈地歡迎周恩來同志為團長、葉劍英和邱會作同志為副團長的中國黨政代表團。圖為周恩來同志在集會上講話，與會代表全體起立，熱烈鼓掌。,1971,3,10
plxh-0138,中國共產黨中央委員會、中華人民共和國政府和越南勞動黨中央委員會、越南民主共和國政府聯合會報的簽字儀式，三月八日上午在主席府隆重舉行。圖為周恩來同志和范文同同志分別代表兩國黨和政府在聯合公報上簽字。,1971,3,11
plxh-0139,中國人民解放軍文藝工作者同北京工農兵一起，在頤和園的昆明湖上舉行聯歡會，熱烈慶祝 “五一' 國際勞動節。,1971,5,1
plxh-0140,北京人民熱烈慶祝 “五一' 國際勞動節，歡呼毛主席革命路線的偉大勝利，歡呼無產階級文化大革命的偉大勝利。圖為他們在演出革命現代舞劇《紅色娘子軍》片斷。,1971,5,1
plxh-0141,北京人民隆重集會，熱烈慶祝 '五一' 國際勞動節，慶祝世界人民革命鬥爭的輝煌勝利，決心同全世界無產階級和被壓迫人民、被壓迫人民聯合起來，打敗美國侵略者及其一切走狗。,1971,5,1
plxh-0142,在國內外一片大好形勢下，北京工人和其他革命人民迎來了全世界無產者團結戰鬥的節日 —— '五一' 國際勞動節。他們決心在黨的 '九大' 團結、勝利的路線指引下，更加刻苦地學習，更加努力地工作，奪取社會主義革命和社會主義建設的更大勝利。,1971,5,1
plxh-0143,十月一日，中國人民解放軍駐京部隊宣傳隊在頤和園向北京群眾、外國朋友演奏革命樂曲，共同歡度國慶。,1971,5,1
plxh-0144,來自反對帝、修、反斗爭前哨的阿爾巴尼亞同志，五月一日參加了北京人民的遊園聯歡活動，同中國人民一起慶祝全世界無產階級團結戰鬥的節日—— '五一' 國際勞動節。,1971,5,1
plxh-0145,非洲朋友和中國人民一起在北京勞動人民文化宮歡度 '五一' 國際勞動節。這是他們在觀看文藝演出。,1971,5,1
plxh-0146,在偉大的中華人民共和國成立二十二週年的光輝節日里，北京郊區人民公社民兵在天壇公園演出歌舞《一定要解放台灣》。,1971,10,1
plxh-0147,十月一日，北京煤礦工人在頤和園的昆明湖上演出表現 '工業學大慶' 的文藝節目。,1971,10,1
plxh-0148,十月一日，北京廣大軍民滿懷勝利的豪情，聚集在北京六個公園和兩個體育館熱烈歡慶中華人民共和國成立二十二週年。這是革命群眾在中山公園載歌載舞的歡樂景象。,1971,10,1
plxh-0149,在光輝的節日里，清華大學工農兵學員在昆明湖畔表演革命文藝節目，熱烈歌頌毛主席無產階級教育路線的偉大勝利。,1971,10,1
plxh-0150,五一' 之夜，北京廣大軍民放聲歌唱，熱烈慶祝全世界無產者團結戰鬥的光輝節日，決心緊跟偉大領袖毛主席，同全世界人民團結起來，爭取更大的勝利。,1971,5,1
plxh-0151,北京青少年十月一日在中山公園表演《兵壇盛開友誼花》的歌舞，歡慶中華人民共和國成立二十二週年。,1971,10,1
plxh-0152,在偉大領袖毛主席的革命路線指引下，北京郊區糧食生產連年跨《綱要》。郊區廣大貧下中農和社員群眾，帶著抓革命、促生產的新勝利同北京人民一起歡慶  “五一' 國際勞動節。,1971,5,1
plxh-0153,來自世界五大洲各國的朋友同北京革命群眾在北京勞動人民文化宮共同歡慶 '五一' 國際勞動節。,1971,5,1
plxh-0154,十月一日，北京郊區人民公社社員在天壇公園舉行遊園活動。他們決心更深入地開展 “農業學大寨”的群眾運動，奪取農業戰線上的更大勝利。,1971,10,1
plxh-0155,十月一日，在北京頤和園參加遊園活動的紅小兵們準備演出文藝節目。,1971,10,1
plxh-0156,參加北京 “五一” 節晚會的解放軍指戰員幸福地見到偉大領袖毛主席，一遍又一遍地高呼：“毛主席萬歲！萬歲！萬萬歲！',1971,5,1
plxh-0157,取得抓革命，促生產新勝利的北京工人滿懷喜悅的心情，十月一日在勞動人民文化宮歡度國慶。,1971,10,1
plxh-0158,十月一日，北京軍民滿懷喜悅的心情歡度國慶，熱烈歡呼毛主席革命路線的偉大勝利。,1971,10,1
plxh-0159,十月一日，各國朋友在頤和園和北京人民一起歡慶中華人民共和國成立二十二週年。,1971,10,1
plxh-0160,吉林省延邊朝鮮族婦女開展本民族喜愛的體育活動。,1972,6,2
plxh-0161,新五人民公社換上了新裝，這是河流縱橫，田地平整，旱澇保收。,1972,1,28
plxh-0162,工程技術人員林正宣（左二）和工人一起研究改進分子篩脫臘的工藝問題。,1972,1,21
plxh-0163,北京石油化工總廠建成了中國第一套大型合成橡膠裝置。圖為新投產的合成橡膠車間。,1972,1,21
plxh-0164,北京化工總廠所屬的向陽化工廠的產品待運。向陽化工廠利用煉油過程中的尾氣生產苯酚、丙酮、聚苯乙烯等化工產品。,1972,1,21
plxh-0165,用一年多的時間建成的北京石油化工總廠煉油裝置區一角。,1972,1,21
plxh-0166,北京石油化工總廠煉油裝置區一角。,1972,1,21
plxh-0167,北京石油化工總廠煉油裝置區夜景。,1972,1,21
plxh-0168,新五人民公社懷著豐收的喜悅，精選水稻良種。,1972,1,28
plxh-0181,盛產椰子的海南島文昌縣東郊公社的社員在收摘椰子。,1972,3,13
plxh-0182,廣東省海南島興隆華僑農場的青年工人在收摘胡椒。這個農場建立了一個面積達一萬多公頃的熱帶、亞熱帶作物基地。,1972,12,22
plxh-0183,"西雙版納地區各族社員利用優越的自然條件，大力發展香蕉、菠蘿、咖啡、椰子等熱帶、亞熱帶作物。
這是傣族杜員在收穫香蕉。",1973,6,2
plxh-0184,阿克塞哈薩克族自治縣團結公社放牧的馬群，膘肥體壯。,1973,9,14
plxh-0185,過去西雙版納傣族人民住房低劣，現在不少社員蓋起了具有民族特點的新房。這是景洪縣一家傣族社員的住宅。,1973,6,2
plxh-0199,毛澤東同志、周恩來同志、王洪文同志在中國共產黨第十次全國代表大會主席台上。,1973,8,30
plxh-0200,"中國共產黨第十次全國代表大會於八月二十四日至二十八日在北京隆重舉行。
圖為毛澤東同志在大會主席台上。",1973,9,1
plxh-0202,十月一日，柬埔寨王國民族團結政府首相賓努親王和夫人、英·薩利特使、印度尼西亞共產黨中央代表團團長、印度尼西亞共產黨中央委員會政治局委員尤素福·阿吉托羅普、越南勞動黨中央書記處書記黎文良、阿爾巴尼亞勞動黨中央候補委員沙拉等，由中國領導人董必武、王洪文、葉劍英、興德、蘇振華、聶榮臻等陪同，在北京首都體育館觀看體育表演。,1973,10,1
plxh-0203,十月一日，中國台灣省旅日同胞觀光團在北京中山公園的國慶遊園聯歡會上，高呼：'中華人民共和國萬歲！' '台灣一定要解放！',1973,10,1
plxh-0204,中共中央政治局委員江青同柬埔寨王國民族團結政府首相賓努親王夫人（左）、加拿大科學技術部部長讓娜·素韋夫人（右）在北京舉行的慶祝中華人民共和團成立二十四周年招待會上。,1973,10,1
plxh-0205,十月一日，北京工人民兵在勞動人民文化宮的國慶聯歡會上觀看演出。,1973,10,1
plxh-0206,十月一日，中國人民解放軍指戰員和北京市人民一起歡度國慶。,1973,10,1
plxh-0207,中共中央候補委員、首都鋼鐵公司工人馬小六（中）、同參加國慶遊園聯歡的工人群眾一起暢談國內外大好形勢。,1973,10,1
plxh-0208,十月一日，中共中央政治局委員陳錫聯（前左一）在瀋陽同群眾一起歡慶中華人民共和國成立二十四周年。,1973,10,1
plxh-0209,十月一日，中共中央政治局委員許世友（前左一）在南京同群眾一起歡慶中華人民共和國成立二十四周年。,1973,10,1
plxh-0210,十月一日，中國領導人朱德、華國鋒、李先念、姚文元、蘇振華等在北京頤和園和群眾一起參加國慶遊園聯歡活動。,1973,10,1
plxh-0211,十月一日，中共中央政治局委員韋國清（前右三）在南寧同群眾一起歡慶中華人民共和國成立二十四周年。,1973,10,1
plxh-0212,十月一日，中國領導人李德生、張春橋、紀登奎、吳德、汪東興、倪志福等，在北京勞動人民文化宮和群眾一起參加國慶遊園聯歡活動。,1973,10,1
plxh-0213,十月一日，中共中央政治局委員陳永貴在蘭州市同出席甘肅省農業學大寨經驗交流會的代表及工農兵群眾一起參加國慶遊園聯歡活動。,1973,10,1
plxh-0214,十月一日，北京人民舉行大遊園聯歡，熱烈慶祝中華人民共和國成立二十四周年。這是遊園群眾在中山公園觀看文藝節目。,1973,10,1
plxh-0215,十月一日，中共中央政治局候補委員吳桂賢（二排左二）在西安同群眾一超歡慶中華人民共和國成立二十四周年。,1973,10,1
plxh-0216,十月一日，中共中央政治局候補委員賽福鼎在烏魯木齊同群眾一起歡慶中華人民共和國成立二十四周年。,1973,10,1
plxh-0217,右起：許世友、李先念、董必武同志在大會主席台上。,1973,8,30
plxh-0218,右起：王洪文、葉劍英同志在大會主席台上。,1973,8,30
plxh-0219,左起：劉伯承、朱德、陳錫聯同志在大會主席台上。,1973,8,30
plxh-0220,在中國共產黨第十次全國代表大會上。,1973,9,1
plxh-0221,當毛主席出現在主席台的時候，全場歡聲雷動，代表們懷著激動的心情，長時間熱烈鼓掌，高呼：'偉大領袖毛主席萬歲！萬萬歲',1973,8,30
plxh-0222,右起：汪東興、吳德同志在大會主席台上。,1973,8,30
plxh-0223,左起：姚文元、紀登奎、華國鋒同志在大會主席台上。,1973,8,30
plxh-0224,上海京劇團《龍江頌》劇組在湖南長沙縣果園公社為貧下中農演出革命現代京劇《龍江頌》選段。,1974,8,8
plxh-0225,中國共產黨第十次全國代表大會於八月二十四日到二十八日在北京隆重舉行。圖為王洪文同志代表中國共產黨中央委員會作關於修改黨憲的報告。,1973,9,1
plxh-0226,右起：張春橋、江青同志在大會主席台上。,1973,8,30
plxh-0227,中國共產黨第十次全國代表大會於八月二十四日至二十八日在北京隆重舉行。這次大會是一次團結的大會，勝利的大會，朝氣蓬勃的大會。圖為大會主席台。,1973,8,30
plxh-0228,大會選舉了由一百四十八位代表組成的主席團。圖為在大會主席台就座的部分主席團成員。,1973,8,30
plxh-0229,中國共產黨第十次全國代表大會正式開幕這一天，來自我們偉大社會主義祖國五湖四海的大會代表，通過高【】著馬克思、恩格斯、列寧、斯大林巨幅畫像的大廠，進入莊嚴的會場。,1973,8,30
plxh-0230,伊犁哈薩克自冶州鞏留縣的一個牧民聚居點。,1973,11,1
plxh-0231,新疆維吾爾自治區英吉沙縣紅旗公社的棉田一景。,1973,11,10
plxh-0234,五月一日，北京中央民族學院的各族學員在遊園會上。,1973,5,1
plxh-0235,國務院副總理鄧小平，政協全國委員會主席許德珩，五月一日上午來到頤和園，同北京工人階級和勞動人民一起歡慶 '五一' 國際勞動節。,1973,5,2
plxh-0236,中共中央政治局委員李先念，政治局候補委員李德生、汪東興，中共中央委員華國鋒、吳德，五月一日下午在頤和園同北京群眾一起觀看文藝節目。,1973,5,2
plxh-0237,中共中央政治局委員姚文元，政治局候補委員紀登奎，中共中央委員王洪文等，五月一日下午來到勞動人民文化宮同北京工人階級和勞動人民一起遊園聯歡，熱烈慶祝 '五一' 國際勞動節。,1973,5,2
plxh-0238,中共中央政治局委員許世友在南京和群眾一起參加慶祝 '五一' 國際勞動節的活動。,1973,5,2
plxh-0239,北京市工人身穿各族人民服裝，在北京勞動人民文化宮載歌載舞，熱烈慶祝 '五一' 國際勞動節。,1973,5,1
plxh-0240,中共中央政治局委員陳錫聯在瀋陽和群眾一起參加慶祝 '五一' 國際勞動節的活動。,1973,5,2
plxh-0241,五月一日，北京郊區人民公社社員，在天壇公園遊園會上觀看節目。,1973,5,1
plxh-0242,中國領導人周恩來、江清、葉劍英、張春橋同志，五月一日在北京中山公園會見了來自墨西哥、日本和加拿大的朋友們。,1973,5,2
plxh-0243,北京市人民在頤和園的昆明湖上舉行水上聯歡，歡度 '五一' 國際動節。,1973,5,1
plxh-0244,五月一日，北京市人民在中山公園舉行盛大遊園聯歡，熱烈慶祝 “五一” 國際勞動節。,1973,5,1
plxh-0245,五月一日，中國人民解放軍指戰員和北京市人民一起歡度 '五一' 國際勞動節。,1973,5,1
plxh-0246,北京郊區人民公社的青年社員在化裝準備在 '五一' 遊園會上演出節目。,1973,5,1
plxh-0247,中共中央政治局常委周恩來，政治局委員江清、葉劍英、張春橋來到中山公園同北京工人階級和勞動人民一起歡度 “五一” 國際勞動節。,1973,5,2
plxh-0248,中共中央政治局委員朱德，中共中央軍委副主席徐向前、聶榮臻，國務院副總理陳雲、李富春，政協全國委員會副主席傅作義在中山公園和北京群眾一起歡慶 '五一' 國際勞動節。,1973,5,2
plxh-0249,"中國共產黨第十次全國代表大會於八月二十四日至二十八日在北京隆重舉行。
圖為周恩來同志代表中國共產黨中央委員會在大會上作政治報告。",1973,9,1
plxh-0302,浙江省浦江縣早稻獲得豐收，社員群眾踴躍向國家交售豐收糧。,1974,8,23
plxh-0312,昔日游牧的尼瑪人民公社藏族牧民，現在實現下定居。全公社興建了十四個草原新村和一些生活設施。這是牧民在【】【】【】裡縫製自己喜愛的民族服裝。,1974,8,29
plxh-0321,來自上海的知識青年組成的一個班，在種植橡膠方面做出了成績，被評為西雙版納傣族自治州 '農業學大寨' 的先進集體。這是他們向深山進軍，開闢新的橡膠林地。,1974,8,28
plxh-0329,在一九三五年漢江洪水氾濫、大堤決口處，湖北省鍾祥縣羅集公社旭光大隊黨支部書記康蘭英向青年們講述當年災荒的【】慘情景，批判林彪妄圖復辟資本主義、使勞動人民受二遍苦的罪行。,1974,8,28
plxh-0331,"漢江丹江口水利樞紐建成後，有效地控制了漢江上游的洪水，大大減輕了洪水對漢江中下游平原的危害。
這是漢江流域河陽縣的一個大型排灌站 —— 排湖電力排灌站。",1974,8,28
plxh-0339,浙江東陽縣店人民醫院醫生吳愛姣（左）和七十三歲的貧農社員郭彩球親切交談。郭彩球患深部膿瘍，三年不能起床，吳愛姣主動送醫送藥上門，為她細心治療，使長年患病的郭彩球恢復了健康。,1974,8,7
plxh-0340,北京醫務人員遵照毛主席 '把醫療衛生工作的重點放到農村去' 的教導，組成醫療隊來到雲南省西雙版納傣族自冶州，為邊疆少數民族防病治病。這是醫療隊員在給傣族社員檢查身體。,1974,8,7
plxh-0341,農業生產的發展，促進了林縣的教育、合作醫療事業不斷發展。這是城關公社大菜園大隊小學五年級學生正在上課。,1974,3,22
plxh-0344,在批林批孔運動中，天津鐵路分局天津站老工人杜玉書用馬克思主義觀點宣講儒法鬥爭史。,1974,8,2
plxh-0362,沉陽電纜廠的工人業餘理論輔導員和遼寧大學中文系師生一起選注法家作品。,1974,8,23
plxh-0363,北京市北新橋街道黨委在批林批孔運動中，堅持舉辦理論輔導員讀書班，培養理論骨幹，加強理論隊伍的建設。,1974,8,23
plxh-0367,沉陽第一機床廠的一個青年學哲學小組，用馬克思主義的立場、觀點、方法研究儒法鬥爭的歷史，深入批林批孔。,1974,8,23
plxh-0368,山東省掖縣路個莊大隊，在批林批孔鬥爭中，形成了一支由五十多人組成的農民理論隊伍，成為黨支部在全大隊深入、普及、持久地開展批林批孔運動的得力助手。這是理論學習小組成員劉家江，在批判林彪效法孔老二 '克己復禮' 妄圖復辟資本主義的罪行。,1974,8,23
plxh-0419,北京京別團《沙家濱》劇組的文藝工作者，向具有光榮革命傳統的北京市順義縣焦莊戶大隊的民兵學習射擊。,1974,8,8
plxh-0420,中國京劇團《平原作戰》劇組的革命文藝工作者在聽北京市平谷縣黃松峪大隊黨支部書記許福銀（左二）介紹農村階級鬥爭和兩條路線鬥爭情況。,1974,8,8
plxh-0421,在革命現代京劇《紅燈記》中扮演李玉和的浩亮為海南島海口市廣大工農兵演唱《紅燈記》選段。,1974,8,8
plxh-0422,中國人民解放軍某部女文藝戰士，深入邊防【】所，為守衛在祖國東北邊防線上的解放軍指戰員演出革命文藝節目。,1974,8,8
plxh-0423,具有光榮革命傳統的上海碼頭工人積極投入批林批孔鬥爭。這是他們在批判林彪鼓吹 '孔孟之道' ，妄圖復辟資本主義的罪行。,1974,4,6
plxh-0424,座落在黃浦江畔的上海第三煉鋼廠的兩個青年爐長萬長根（左）和何國祥。他們都是無產階級文化大革命中在中學畢業後進入工廠工作的。,1974,4,6
plxh-0425,海員工人出身的上海港引水員汪月明正在黃浦江上執行外輸領航任務。解放前，中國港口的引水權被帝國主義所霸占，新中國成立後，各港口都培養了自己的引水員。,1974,4,6
plxh-0426,黃浦江畔，陽光燦爛，兒童們在做體操。,1974,4,6
plxh-0429,在教育革命中，蘇州市培養了一批有文化科學知識和實踐經驗的工人教師。圖為蘇州市第六中學工人教師江雲麟正在給學生上物理課。,1974,5,24
plxh-0430,"蘇州長風機械廠的新老幹部和工人一起研究工作。
圖中右為廠黨委副書記王如洪、左二為廠黨委委員賀一芬，他們都是無產階級文化大革命中成長起來的新幹部。
右二為黨委書記賀傳林。",1974,5,24
plxh-0431,左起：周恩來、康生、李德生同志在大會主席台上。,1973,8,30
plxh-0432,"國務院文化組和中國人民對外友好協會十月一日晚上在人民大會堂舉行盛大招待會，熱烈慶祝中華人民共和國成立二十二週年，招待各國友好組織、文化、藝術、體育等各界朋友和知名人士。
中共中央政治局常委，國務院總理周恩來，中共中央政治局委員江青、張春橋，中共中央委員、人大常委會副委員長郭沫若，出席了招待會。
國務院文化組織長吳德和對外友協負責人王國權主持招待會。圖為賓主出入招待會大廳。",1971,10,2
plxh-0433,這是會見時情形。,1971,10,9
plxh-0434,柬埔寨國家元首、柬埔寨民族統一陣線主席諾羅敦·西哈努克親王和夫人，柬埔寨民族統一陣線中央政治局主席、柬埔寨王國民族團結政府首相賓努親王和夫人，柬埔寨國內特使英·薩利先生，十月一日由國務院總理周恩來，副總理李先念，中共中央軍委副主席葉劍英，人大常委會副委員長郭沬若陪同，遊覽了頤和園，同首都人民一起熱烈慶祝中華人民共和國成立二十二週年。,1971,10,2
plxh-0435,五月一日，西哈努克親王和夫人、賓努親王和夫人，由周恩來、王洪文、葉劍英、江青、李先念、吳德、徐向前、阿沛·阿旺晉美陪同，在北京中山公園參加遊園聯歡活動。,1974,5,1
plxh-0436,五月一日，吳桂賢（中）在西安和群眾一起參加慶祝 '五一' 國際勞動節的活動。,1974,5,1
plxh-0437,五月一日，陳永貴（前左一）在太原和群眾一起參加慶祝 '五一' 國際勞動節的活動。,1974,5,1
plxh-0438,五月一日，賽福鼎（前左二）在烏魯木齊和群眾一起參加慶祝 '五一' 國際勞動節的活動。,1974,5,1
plxh-0439,五月一日，許世友（前左三）在廣州和群眾一起參加慶祝 '五一' 國際勞動節的活動。,1974,5,1
plxh-0440,五月一日，張春橋、紀登奎、蘇振華、李富春、聶榮臻、周建人在北京勞動人民文化宮參加遊園聯歡活動。,1974,5,1
plxh-0441,中央民族學院各族工農兵學員在紫竹院公園參加慶祝 '五一' 遊園。,1974,5,1
plxh-0442,五月一日，姚文元、鄧小平、陳錫聯、華國鋒、汪東興、倪志福、沈雁冰、許德珩在北京頤和園參加遊園聯歡活動。,1974,5,1
plxh-0443,五月一日，李德生（前左二）在瀋陽和群眾一起參加慶祝 '五一' 國際勞動節的活動。,1974,5,1
plxh-0444,五月一日，朱德、陳雲在北京首都體育館觀看體育表演。,1974,5,1
plxh-0445,五月一日，韋國清（中）在南寧和群眾一起參加慶祝 '五一' 國際勞動節的活動。,1974,5,1
plxh-0446,台灣省籍高山族同胞和祖國各族人民一起，在中山公園參加遊園聯歡，慶祝 '五一' 國際勞動節。,1974,5,1
plxh-0447,在批林批孔鬥爭中作出成績的中國人民解放軍北京衛戍區某部六連指戰人，在參加慶祝 '五一' 遊園活動時，和北京市群眾一起交談批林批孔的偉大意義。,1974,5,1
plxh-0448,北京京劇團 《杜鵑山》劇組的革命文藝工作者在農村參加勞動休息時，同社員親切交談。,1974,8,2
plxh-0449,廣東省江門市業餘體校體操班的學員在進行鞍馬訓練。,1974,8,10
plxh-0450,大連海運學院無線電系工農兵學員趙兵（左）和教師一起，運用唯物辯證法分析化學變化中的各種複雜現象。,1974,8,2
plxh-0451,山西省稷山縣人民醫院醫生焦順發，在醫療實踐中刻苦鑽研針灸理論，大膽探索用針刺頭皮的刺激區和穴位來治療疾病的頭針療法。兩年多來的實踐證明，頭針療法對腦源性的癱瘓、麻木、失語、失明、震顫等病患，有良好效果。這個患右肢癱瘓的公社社員，經過十幾天治療，癱瘓的右肢恢復了活動能力。,1974,8,7
plxh-0452,中國京劇團《紅色娘子軍》劇組的演員馮志效（右二）等在北京二七機車車輛廠同工人一起勞動。,1974,8,8
plxh-0453,"桐鄉縣社員努力貫徹以糧為綱，全面發展方針，取得顯著成績。
圖為社員在採摘菸葉。",1974,8,9
plxh-0454,河南林縣建設紅旗渠的人民公社社員，深入批判林彪鼓吹孔孟之道，妄圖復辟資本主義的罪行。,1974,8,2
plxh-0455,"在建廠同時，北京石油化工總廠建成了污水處理場。
圖為污水處理場曝氣池一角。含有油、硫、酚、鹼等有毒物質的污水經過處理後，變成含氮的淨化污水，可灌溉農田、飼養魚、鴨。",1972,1,21
plxh-0456,中國舞劇團的文藝工作者，在湖南省瀏陽縣文家市公社參加採茶勞動。,1974,8,8
plxh-0457,在北京的外國朋友五月一日在頤和園觀看北京人民慶祝 '五一' 國際勞動節的文藝節目。,1974,5,1
plxh-0458,北京市東城區 '五·七' 幹校學員精神煥發，在中山公園參加慶祝 '五一' 遊園活動。,1974,5,1
plxh-0461,蘇州市是中國重要的絲綢產地之一。近年來，綢、緞、綾、羅的產量和品種都有很大增長。圖為東方紅絲織廠的工人正在精心操作。,1974,5,24
plxh-0472,在一九三五年漢江洪水氾濫、大堤決口處，湖北省鍾祥縣羅集公社旭光大隊黨支部書記康蘭英向青年們講述當年災荒的【】慘情景，批判林彪妄圖復辟資本主義、使勞動人民受二遍苦的罪行。,1974,8,28
plxh-0474,桐鄉縣是浙江省蠶繭主要產地之一，這裡加工生產的絲綿暢銷國內外。,1974,8,9
plxh-0490,"廣東省今年早稻獲得大面積平衡增產，平均畝產量和總產量都比去年增產一成以上。
圖為寶安縣沙井公社社員在邊收邊種。",1974,8,23
plxh-0507,從丹江口至武漢的高壓線路跨越長江，送電武漢，促進了工農業生產的發展。這是武漢供電局的工人正在帶電檢修超高壓輸電線路。,1974,8,28
plxh-0515,"南京市綠樹成蔭的馬路。
解放以來，南京市人民大力開展城市綠化工作，植樹兩千四百多萬株，使一向以酷熱著稱的南京市，夏季氣溫下降了四至五度。",1974,9,14
plxh-0517,"南京大學物理系的工農兵學員在校辦液態氦車間聽老師講課。
南京大學現有工農兵學員二千二百多名。工農兵上大學，推動了學校教育革命的發展。",1974,9,14
plxh-0518,參加過成昆鐵路建設的彝族工人張文光（左）現在已成為行駛在成昆線上的內燃機車司機。,1974,4,1
plxh-0519,"中國人民的偉大領袖毛澤東主席十月八日會見了埃塞俄比亞皇帝海爾·塞拉西一世陛下及其隨行人員。
周恩來總理等參加了會見。
毛主席同海爾·塞拉西一世皇帝陛下握手。",1971,10,9
plxh-0520,在毛主席革命路線指引下，中共河南省林縣縣委帶領全縣人民，自力更生，艱苦奮鬥，修成 '人造天河' 紅旗渠後，縣委書記楊貴（中）在和基層幹部一起規劃又一項新的水利工程。,1974,3,22
plxh-0521,參加成昆鐵路建設的解放軍鐵道兵戰士在打隧道。,1974,4,1
plxh-0522,一代新人在成長。這些參加修建紅旗渠的人民公社社員，現在已是林縣水力發電站的工人。,1974,3,22
plxh-0523,中國交通部第二鐵路工程局的工人滿懷激情鋪設成昆鐵路最後一排鋼軌，勝利完成了全線接軌任務。,1974,4,1
plxh-0524,成昆鐵路穿過大、小涼山，彝族民兵日夜守衛著這條鋼鐵長虹。,1974,4,1
plxh-0554,隨著生產的發展，社員群眾購買力日益提高。這是桐鄉縣的一個百貨商店裡，顧客門在選購花布。,1974,8,9
plxh-0555,海南歌舞團的音樂創作人員深入農村蒐集民歌，學習黎、苗族的民間音樂。,1974,8,8
plxh-0556,雲南西雙版納傣族自治州文工團的革命文藝工作者在景洪縣街頭為群眾演出民族舞蹈。,1974,8,8
plxh-0557,五一 之夜，節日的禮花五彩繽紛，天安門廣場萬眾歡騰。,1971,5,1
plxh-0558,北京石油化工總廠全廠的煉油和化工裝置都實行自動化控制。這是一個煉油裝置的中心控制室。,1972,1,21
plxh-0559,朝氣蓬勃的北京第三棉紡織廠的女工們。,1974,3,26
plxh-0560,在廣西德保縣的天津醫務人員，立志紮根農村，經常深入過去缺醫少藥的山村，為社員防病治病。,1974,8,7
plxh-0561,中國京劇團老演員張君秋，在河北省遵化縣沙石峪大隊輔導青年社員學唱革命樣板戲。,1974,8,8
plxh-0562,中國人民解放軍駐新疆某部醫院，最近幾年先後組織了二十多個醫療隊，深入農村牧區巡迴醫療，為各族人民治病，並培訓了赤腳醫生和基層醫務人員八百多名，受到各族人民的歡迎。,1974,8,7
plxh-0563,"二萬五千噸級船塢 '黃山號' 在上海建成。
這是浮船塢沉入水中後，一艘二萬五千噸貨輸送入船塢的情形。",1974,8,2
plxh-0564,成昆鐵路工程十分艱鉅，平均每一點七公里就有一座大型或中型橋樑，每二點五公里就有一座隧道。這是橋遂相連的大渡河橋。,1974,4,1
plxh-0565,內蒙古烏蘭牧騎隊員正在為牧民演出。,1974,8,2
plxh-0567,大會選舉了由一百四十八位代就想成的主席團。副為在大會主常台就座的部分主席團成員。,1973,8,30
plxh-0568,廣東省台山縣解放以來已為國家輸送了三百多名排球運動員。這是台山縣農機二廠與瓷廠的工人排球隊在比賽后交流經驗。,1974,8,10
plxh-0569,十月一日，北京革命群眾在陶然亭公園觀看精彩的雜技表演。,1971,10,1
plxh-0570,蘇州市的傳統工藝品蘇繡，是中國四大名繡之一。解放後，蘇繡的題材不斷創新，刺繡針法發展到四十多種，繡品遠銷國內外。圖為蘇州市刺繡研究所工場一角。,1974,5,24
plxh-0576,紅旗渠畔棉花豐收。,1974,3,22
plxh-0577,粵劇演員鄺健廉（紅線女）在廣東省新會縣雙水公社同社員一起勞動休息時，為社員演唱粵劇《海港》選段。,1974,8,8
plxh-0578,修建紅旗渠的開山炮聲打響後才誕生的孩子們，在黨的關懷下幸福地成長。,1974,3,22
plxh-0579,在林縣合澗公社小屯大隊的物資交流會上，社員們在選購花布。,1974,3,22
plxh-0580,北京第三棉紡織廠先進生產者錢玉英（左三）向織布車間的女工介紹生產經驗。這個廠群眾性技術革新活動十分活躍，由工人、技術人員、幹部組成的技術革新小組先後成功地革新了許多設備。,1974,3,26
plxh-0581,北京第三棉紡織廠從女工中提拔了不少干部，她們在各級領導崗位上密切聯繫群眾，積極參加工廠管理，為社會主義建設作出貢獻。圖為準備車間黨總支書記王守貞（右）和工人親切交談。,1974,3,26
plxh-0582,湖南湘繡廠工人正在繡製《韶山全景》。湘繡是中國四大名繡之一，近年來創作了許多現代題材的好作品。,1974,8,2
plxh-0583,電影演員於洋在大寨大隊參加勞動休息時，同大寨老模範賈進才（左）親切交談。,1974,8,8
plxh-0585,廣東梅縣西陽公社的一場農民足球賽。現在，全縣共有二千六百多個足球隊，經常舉行友誼比賽。,1974,8,10
plxh-0587,廣東省東莞縣道滘公社工農群眾利用河網交錯的有利條件，廣泛開展游泳活動。,1974,8,10
plxh-0588,北京的游泳愛好者在頤和園橫渡昆明湖。,1974,8,2
plxh-0589,內蒙古自治區的草原牧民在蒙古包裡熱情接待解放軍戰士。,1974,8,2
plxh-0590,"廣東省肇慶縣廣東儀錶廠的工人，在七星湖里游泳。
這個工廠百分之九十五的職工都參加了各種業餘體育活動，增強了體質，促進了生產的發展。",1974,8,10
plxh-0591,中國人民解放軍濟南部隊的醫務人員，在批林批孔運動中，熱情支持衛生戰線上的社會主義新生事物 —— 赤腳醫生和農村合作醫療事業。批判林彪一夥破壞毛主席革命衛生路線的罪行。,1974,8,7
plxh-0592,中國人民解放軍北京衛戍區某部大連在舉行大會，深入批判孔孟之道，批判林彪反革命修正主義路線的極右實質。,1974,8,2
plxh-0593,藏族歌才旦卓瑪同駐西藏的中國人民解放軍某部業餘文藝愛好者交流交藝工作經驗。,1974,8,8
plxh-0594,北京京劇團《杜鵑山》劇組的演員楊春霞（前右二）等在首都鋼鐵公司為工人演出，聽取工人的意見。,1974,8,8
plxh-0595,在無產階級文化大革命中，中國築路軍民勝利地建成了中國西南地區的交通幹線 —— 成昆鐵路。,1974,8,2
plxh-0596,駐守在北部邊疆的中國人民解放軍，同當地民兵緊密團結，共守邊疆。,1974,8,2
plxh-0597,鞍鋼中型軋鋼廠的工人運用他們研究成功的快速軋鋼操作法軋鋼。,1974,8,2
plxh-0599,紅旗渠的配套工程南谷洞水庫，除蓄水灌溉農田外，還養魚六十萬尾，為改善山區人民生活創造了條件。,1974,3,22
plxh-0601,林縣人民奮戰十年修建的一千五百公里長的紅旗的一段。,1974,3,22
plxh-0602,蘇州城的四周興建了大量的工人住宅區，為這座古城增添了新的風采。,1974,5,24
plxh-0603,廣東省東莞縣業餘游泳體校的學員在做游泳訓練前的準備活動。 ,1974,8,10
plxh-0604,"南京五老村街道幼兒園的兒童，在黨的關懷下，在教養員的撫育下茁壯成長，德育、智育、體育全面發展。
這是幼兒園兒童在做早操。",1974,5,24
plxh-0605,上海電訊器材廠生產的電視機。,1974,8,2
plxh-0609,北京第三棉紡織廠準備車間女工在聚精會神地工作。,1974,3,26
plxh-0610,人造天河 紅旗渠婉蜒穿越太行山。,1974,3,22
plxh-0611,成昆線上過去人煙稀少的地區，現在出現了鐵路、公路、水運相連的繁忙景象。圖中鐵橋為目前中國最大跨度的金沙江鐵橋。,1974,4,1
plxh-0612,成昆鐵路通車後，促進了城鄉物質交流。這是彝族群眾購買由火車運來的各種日用品。,1974,4,1
plxh-0613,大渡河畔的 '一線天' 是成昆鐵路北段有名的險區。鐵路工人艱苦奮鬥，只用五十五天就 '一線天' 兩側的絕壁之間築起這座空腹式鐵路石拱橋。,1974,4,1
plxh-0614,成昆鐵路線上，有不少車站建在隧道里或橋樑上。這是列車停在關村壩隧道車站。,1974,4,1
plxh-0615,滿載建設物資的列車行駛在盎山彎道，線路交叉的成昆路上。,1974,4,1
plxh-0616,內蒙古自治區，草茂羊肥，一片興旺景象。,1974,8,2
plxh-0617,參加成昆路建設的鐵道兵戰士和鐵路工人不畏艱險，在懸崖峭壁上施工。,1974,4,1
plxh-0618,黃浦兩岸廣大碼頭工人遵照毛主席關於 '獨立自主、自力更生' 的教導，用自己的雙手建設碼頭、改造碼頭，逐步提高港口裝卸的機械化程度。圖為正在裝運國產內燃機車的上海港碼頭一角。,1974,4,6
plxh-0619,解放後，蘇州市的街道進行了改造，五十多公里的柏油馬路代替了過去的石子路。馬路兩旁，綠樹成蔭。圖為蘇州市人民路街景。,1974,5,24
plxh-0620,遼寧省大連機車廠職工在製造大馬力內燃機車。,1974,8,2
plxh-0621,黃浦江邊上海煉油廠的一個新設備正在安裝。這座煉油廠在解放前不過是一個僅有六隻油罐、四座倉庫的儲油所。經過解放以來的擴建和發展，現在它每年能加工四百萬噸原油。,1974,4,6
plxh-0622,紅旗渠引來漳河水澆灌林縣大地，使全縣從山坡梯田到平原，形成了一個能蓄、能灌、能排的水利網。這是城關公社園田化景色。,1974,3,22
plxh-0623,林縣人民在農業學大寨運動中，通過大干，改變了生產條件，促進了農業機械化的發展。這是聯合收割機正在收小麥。,1974,3,22
plxh-0624,這是林縣小店公社的一個打麥場。,1974,3,22
plxh-0625,紅旗渠水流過林縣任樹公社。使這個過去十年九旱、水貴如油的窮山溝，變為一個青山綠水，生氣勃勃的新山村。,1974,3,22
plxh-0626,上海生理研究所的科研人員在貓身上進行針麻實驗，研究神經系統在針刺麻醉中的作用。,1974,8,2
plxh-0628,洛陽東方紅拖拉機廠生產的大批拖拉機待運農村。,1974,8,2
plxh-0629,四川、貴州、雲南三省物產豐富，資源雄厚。成昆鐵路通車後，為加速這個地區的工農業建設，提供了有利條件。圖為從祖國各地運到昆明車站的大批建設物資。,1974,4,1
plxh-0630,上海柴油機廠一九七三年擴建的生產大型船用柴油機的車間，已開始為上海造船工業提供萬匹船用柴油機。,1974,4,6
plxh-0631,"蘇州化工機械廠的工人在製造化工設備。
現在的產值比無產階級文化大革命前增長了一倍。",1974,5,24
plxh-0632,中國大慶油田的煉油廠一角。大慶是中國工業戰線的一面旗幟。,1974,8,2
plxh-0633,這是海河水系徒駭河上新建的攔河閘。十多年來，華北地區人民根冶海河取得了顯著成績。,1974,8,2
plxh-0634,漢江丹江口水利樞紐初期工程已勝利建成。,1974,8,2
plxh-0635,廣東省台山縣的青年漁民，傍晚在海邊練習排球。,1974,8,10
plxh-0636,利用紅旗水興辦水電事業，促進了工業的發展，這是新建的林縣化肥廠。,1974,3,22
plxh-0637,北京郊區人民公社的聯合收割機在收割小麥。,1974,8,2
plxh-0638,"桐鄉縣廣大社員和乾部，積極培育和推廣優良品種，實行科學種田。
這是桐鄉縣良種繁育場種子試驗室工作人員進行種子分析。",1974,8,9
plxh-0641,杭州東方紅絲織廠準備車間的工人在細心地整經。,1972,2,11
plxh-0643,兩周歲的孫紅（前）在爸爸媽媽上工之後，和小朋友在幼兒園裡愉快地生活著。,1972,10,26
plxh-0645,北京石油化工總廠的化驗員正在鑑定各種油品的質量。,1972,1,21
plxh-0646,廣西田東縣的一所幼兒園裡，保健員正在給孩子們注射防疫針。,1972,5,14
plxh-0647,"鴨綠江畔的遼寧省丹東市，是中國著名的柞絲綢產地。解放後，這裡擴建和興建了八個現代化的絲綢廠，從漂繭到巢絲、織綢、印染，都實現了機械化，完全改變了解放前土巢土織的落後面貌。一九七三年，丹東市柞絲綢產量與一九四九年相比，提高了一百二十多倍，生產的染色綢、印花綢、交織綢等各種柞絲綢達五百多個品種，兩千多種花色。
遼寧省丹東鳳城絲綢廠的女工正在進行鹼水巢絲。",1974,3,5
plxh-0648,"中國農村赤腳醫生總數已達一百多萬，他們為增進農民健康，改善農村衛生面貌發揮了重要作用。
圖為廣東省電白縣赤腳醫生在漁船上為社員治病。",1974,11,28
plxh-0652,北京市丰台區黃土崗公社白盆窖大隊革委會副主任、黨總支委員程士珍（前右一），帶領插隊落戶的知識青年到天壇公園參加慶祝 '五一' 遊園活動，勉勵他們紮根農村，走與工農相結合的道路。,1974,5,1
plxh-0653,蘇繡老工人顧文霞（中）正在向青年工人傳授刺繡技藝。這個普通的刺繡女工現在是蘇州市刺繡研究所的黨支部副書記，並光榮地參加了中國共產黨第十次全國代表大會。,1972,5,24
plxh-0654,幼兒園的教養員為孩子們安排了各種有意義的遊戲和活動。這是兒童們在搭積木。,1972,5,23
plxh-0655,新疆吐魯番縣勝金公社社員採摘新棉。,1974,8,2
plxh-0656,英姿颯爽的中國人民解放軍空軍某部女飛行員。,1975,2,20
plxh-0657,颯爽英姿的中國人民解放軍空軍女跳傘員爾孜規（維吾爾族）。,1975,2,19
plxh-0659,杭嘉湖地區海寧縣幼兒園的小朋友在看畫報。,1975,1,15
plxh-0660,一九七四年，寧夏回族自治區農業獲豐收。這是吳忠縣古城人民公社的回族社員在觀察水稻生長情況。,1975,1,16
plxh-0661,中國第四屆全國人大代表、雲南省瑞麗縣廣雙生產隊隊長瑞板（傣族，左二）與社員親切交談。,1975,1,17
plxh-0663,安徽省窗南陵縣奎湖公杜的一支農村業餘女子籃球隊。,1975,2,20
plxh-0665,杭嘉湖地區的湖州絲綢印染廠印花車間一角。,1975,1,15
plxh-0666,一九七四年都安縣獲得農業好收成。這是社員們在收打稻穀。,1975,1,25
plxh-0642,北京市一所幼兒園裡的少年乒乓球愛好者。,1972,5,15
plxh-0232,十月一日，西哈努克親王和夫人、賓努親王和夫人、英·薩利特使等柬埔寨貴賓，由中國領導人周恩來、王洪文、葉劍英、鄧小平、徐向前等陪同，在北京中山公園參加中國國慶遊園聯歡活動。,1973,10,1
plxh-0508,丹江口水利樞紐建成，也為發展水產養殖事業創造了有利條件。這是丹江口水庫附近的一個魚苗場的工人正在飼養魚苗。,1974,8,28
plxh-0484,上海同濟大學房屋建築專業的學生在工人的指導下，學習建築施工的管理工作。,1974,8,23
plxh-0485,新疆大學校園一角。現在，共有十二個民族的工農兵學員在這裡學習。,1974,8,23
plxh-0651,北京第三棉紡織廠粗車間一角。,1974,3,26
plxh-0650,為了使女工們更好地工作和學習，北京第三棉紡織廠設有哺乳室、托兒所、幼兒園等各項福利設施。這是北京第三棉紡織廠幼兒園的孩子們。,1974,3,26
plxh-0475,中國人民解放軍某部班長鄭申田（前），登上講台，批林批孔。他堅持學習馬列著作和毛主席的著作，批判林彪的反革命修正主義路線與孔孟之道，三年來共寫了幾十萬字的讀書筆記和文章。,1974,8,23
plxh-0364,天津鐵路分局天津站理論小組的老工人杜玉書，以馬克思主義為指導，研究並宣講儒法鬥爭史。,1974,8,23
plxh-0489,"清華大學建工系工宜隊員劉清爽（左）與教師、工農兵學員一起研究深入開展批林批孔問題。
遵照毛主席 '工人階級必須領導一切'的指示，工宣隊一九六八年開始進駐學校以來，促進了教育革命的發展。",1974,8,23
plxh-0293,廣西民族學院政治係部分師生到都安瑤族自治縣城廂公社實行開用辦學。這是他們在聽六里大隊黨支部書記陸錦漢講課。,1974,8,23
plxh-0296,西北農學院作物良種選育進修班畢業生張小香現在是陝西省武功縣永台大隊植棉組的指導員。這是張小香（左二）和植棉組組員在試驗田裡觀察雜交棉的生長情況。,1974,8,23
plxh-0488,"遼寧農學院畜牧獸醫系工農兵學員在一個蒙古族聚居的農村，學習牲畜疾病的預防和治療。
圖中左三是張鐵生。他原是一名插隊知識青年，去年大學招生考試時，他寫了一份答卷，揭露和批判了修正主義教育路線的影響和表現，受到黨和革命群眾的支持。張鐵生上大學後，積極參加學校的教育革會活動。",1974,8,23
plxh-0366,上海市川沙縣艾南生產大隊的理論小組積極開展社會調查，收集長期在農村流傳的宣揚孔孟之道的反動諺語，進行批判。這是理論小組成員用大字報的形式批判反動諺語。,1974,8,23
plxh-0492,湖南省洞庭湖地區今年早稻獲得豐收。這是漢壽縣罐頭咀公社社員在選曬早稻良種。,1974,8,23
plxh-0498,瑪曲縣尼瑪人民公社萬瑪大隊的社員群眾和幹部，在牧場上批判林彪、孔老二鼓吹的 “天命觀”，決心自力更生、艱苦奮鬥，發展牧業生產。,1974,8,29
plxh-0468,尼瑪人民公社新修七條水渠，改善了乾旱草原的人畜飲水問題。這是藏族牧民在新修的水渠旁放牧。,1974,8,29
plxh-0491,四川省都江堰灌區一百五十多萬畝早稻獲得豐收。總產量和畝產量都超過歷史最高水平。圖為廣漢縣中興公社社員在收割早稻。,1974,8,23
plxh-0473,"浙江省江山縣勤儉大隊黨支部書記姜汝旺（前右起第二人）和大隊貧下中農理論隊伍成員一起讀有關法家的著作。
這個大隊已組織起一支一百多人的貧下中農理論隊伍。",1974,8,23
plxh-0478,布崙口公社的干部和社員，在高山上興修水渠。,1974,8,28
plxh-0480,柯爾克孜族社員憤怒批判林彪效法孔老二 '克己復禮' ，妄圖復辟資本主義的罪行。,1974,8,28
plxh-0483,"中國新疆維吾爾自治區克孜勒蘇柯爾克孜自治州阿克陶縣布崙口公社，位於帕米爾高原公格爾山下。居住在這裡的柯爾克孜族牧民，深入開展批林批孔運動，促進了畜牧業生產的發展。現在，牧場上處處呈現一派生氣勃勃的繁榮景象。
放牧在帕米爾高原公格爾山下的羊群。",1974,8,28
plxh-0465,廣西橫縣陶圩公社社員，今年先後戰勝了乾旱和病蟲害，獲得早稻豐收。,1974,8,23
plxh-0495,大寨大隊在修山填溝造田方面，過去完全依靠人力，現已充分發揮農業機械的作用。,1974,8,22
plxh-0464,大寨大隊根據山區特點，使用小型拖拉機耕作。這種拖拉機具有輕便靈巧、能爬陡坡、耕作效率高的特點。,1974,8,22
plxh-0463,大寨大隊的農作物脫粒、農副產品加工已基本實現機械化。這是社員們正使用機械脫粒。,1974,8,22
plxh-0305,大寨大隊架設了空中電力運輸索道，它既節省了勞力，又提高了工作效率。,1974,8,22
plxh-0494,大寨大隊注意培養農業機械人員。這是大隊青年在縣農業機械廠工人幫助下學習維修鑽岩機。,1974,8,22
plxh-0459,廈門大學中文系師生走出校門，到閩西革命根據地上杭縣進行社會調查。促進了師生世界觀的改造，並充實了教材。第二次國內革命戰爭期間（一九二八 —— 一九三七年），中國人民的偉大領袖毛主席曾在上杭縣的才溪鄉進行過社會調查。這是師生們在毛主席才溪鄉調查會址前聽老紅軍戰士王家豐講述當年毛主席的偉大革命實踐。,1974,8,23
plxh-0486,"雲南昆明師範學院工人出身的納西族學員段菊清在上實驗課。
雲南省是二十一個少數民族聚居的地區。現在，共有一千多名來自工人和貧下中農的少數民族學員在省裡的八所高等院校學習。",1974,8,23
plxh-0487,從東北石油學院工人技術短訓班畢業的劉嘉明，現在已是一名工人技術員，並擔任大慶油田一二〇五鑽井隊副隊長。這是劉嘉明（左）和工人一起檢修鑽機。,1974,8,23
plxh-0479,帕米爾高原軍民聯防，保衛邊疆。,1974,8,28
plxh-0503,知識青年們積極參加批林批孔鬥爭。這是他們在一起學習有關批林批孔的文章。,1974,8,28
plxh-0500,青年們在橡膠林裡收膠。,1974,8,28
plxh-0501,從四川來到西雙版納的賈月林、賈渝平兩姊妹，都是割膠工。這是她們一起研究改進割膠技術。,1974,8,28
plxh-0469,知識青年們在技術員的幫助下學習橡膠嫁接技術。,1974,8,28
plxh-0502,知識青年們在喜摘油棕果。,1974,8,28
plxh-0319,勞動後的愉快生活。,1974,8,28
plxh-0506,漢江丹江口水利樞紐大壩，長一千一百四十一米，高九十七米。,1974,8,28
plxh-0467,渠道縱橫的江漢平原。漢江丹江口水利樞紐建成後，初步解除了洪水對這個地區的危害，並使農田得到及時的灌溉。,1974,8,28
plxh-0471,嚴重缺水、產量較低的鄂北地區，在丹江口水利樞紐建成後，獲得了灌溉水源，正在迅速改變面貌。這是囊陽縣耿坡公社社員在由旱地改成的水田裡插秧。,1974,8,28
plxh-0470,長四千三百二十米的棑子河渡槽，是利用丹江口水庫灌溉農田的鄂北引漢大干渠的主要工程之一。它可引水灌溉嚴重缺水的鄂北農田六萬公頃。,1974,8,28
plxh-0466,由丹江口水電站供電的鄂北古城囊樊，近幾年來已發展成為有兩百多個工廠的新興工業城市。這是囊樊棉紡織廠一個新建車間的一角。,1974,8,28
plxh-0505,丹江口水利樞紐建成後，改變了漢江洪枯流量變化巨大、航道不穩定的情況，並在庫區形成了二百二十公里的深水航道，改善了漢江航運條件。,1974,8,28
plxh-0481,布崙口公社卡克拉古里大隊幹部艾買提·阿克庫裡（中）和牧民一起研究進一步發展牧業生產。,1974,8,28
plxh-0482,柯爾克孜族牧民帕霞（中）在收山羊絨。山羊絨是一種精紡原料。,1974,8,28
plxh-0369,柯爾克孜族兒童歡迎新鄰居.,1974,8,28
plxh-0476,柯爾克孜族牧民們在選購售貨員運送到牧場上的日用品。,1974,8,28
plxh-0477,柯爾克孜族牧民歡樂歌舞，歌唱他們的幸福生活。,1974,8,28
plxh-0497,尼瑪人民公社的羊群。,1974,8,29
plxh-0360,無產階級文化大革命中建成的南京長江大橋。,1974,9,14
plxh-0514,在舊社會當過童工的周阿慶（前右一）現在是中共江蘇省委委員，江蘇省、南京市工會副主任，同時又是南京無線電廠的領導幹部。這是周阿慶和工廠的其他領導人一起研究提前完成生產計劃問題。,1974,9,14
plxh-0513,一九六五年投入生產的南京石油化工廠一角。,1974,9,14
plxh-0510,"南京無線電廠工人在總裝收音機。
這個廠生產的收音機行銷國內外，受到顧客的歡迎。",1974,9,14
plxh-0512,"南京藝光絲織廠的工人正在生產天鵝絨。
天鵝絨是南京傳統絲綢產品之一，有數百年的歷史。這個廠現在生產的天鵝絨，產量為無產階級文化大革命前的二十多倍。",1974,9,14
plxh-0330,"南京中山陵 —— 中國偉大的革命先行者孫中山先生的陵墓。
解放後，共產黨和人民政府對中山陵進行了妥善的管理和保護，陵園內常年青綠，四季花開。",1974,9,14
plxh-0357,"南京雨花台。來到雨花台的烈士紀念碑前憑弔革命先烈的人們絡繹不絕。
國民黨反動派統治南京的二十二年間，在雨花台殺害了十多萬名的優秀中國共產黨黨員和革命戰士。解放後，南京市人民政府在這裡興建了烈士陵園，使它成為進行階級教育和革命傳統教育的地方。",1974,9,14
plxh-0288,"南京秦淮河畔的秦淮小學學生，課餘排練文藝節目。
在舊中國，秦淮河畔是煙館、賭場、妓院集中的人間地獄。現在，秦淮河兩岸建立了許多工廠、醫院、學校和公園。",1974,9,14
plxh-0122,在毛主席 '發展經濟，保障供給' 的偉大方針指引下，在工農業生產蓬勃發展的大好形勢下，中國城鄉市場商品豐富，物價穩定，呈現出一派欣欣向榮的景象。各種日用工業品及肉類、蔬菜、水果等副食品的供應量顯著上升，人民的生活水平正在逐步提高。,1970,12,30
plxh-0123,"偉大的七十年代第一年，是全世界人民的革命鬥爭更加蓬勃發展的一年。各國革命人民團結起來反對美帝國主義及其走狗的革命浪潮【】【】五大洲。美帝國主義和社會帝國主義，內外交困，空前獨立。世界革命形勢的發展證明了偉大領袖毛主席指出的：'新的世界大戰的危險依然存在，各國人民必須有所準備。但是，當前世界的主要傾向是革命。'
革命在發展，人民在前進。不管美帝國主義及其同夥怎樣用盡心機，耍盡手段，絲毫也挽救不了它們必然滅亡的命運。",1970,12,12
plxh-0124,"在偉大領袖毛主席的無產階級文藝路線指引下，在以毛主席為首、林副主席為副的黨中央親切關懷下，革命現代京劇《智取威虎山》已由北京電影製片廠攝製成彩色影片，受到廣大工農兵的熱烈歡迎。
在影片的攝製過程中，北京電影製片廠《智取威虎山》攝製租和上海京劇團《智取威虎山》劇組的全體同志，突出無產階級政治，以毛澤東思想為武器，深人開展革命大批判，肅清叛徒、內奸、工賊劉少奇及其在文藝界代理人周揚、夏衍、田漢、陽翰笙所推行的反革命修正主義文藝路線的餘毒，不斷提高執行毛主席革命文藝路線的自覺性，促進了思想革命化。他們經過反复實戰，終於把閃耀著毛澤東思想光輝的革命樣板戲《智取威虎山》搬上了銀幕。",1970,11,21
plxh-0313,在雲南西雙版納傣族自治州，有一批來自北京、上海、重慶、昆明等大城市的知識青年在這裡參加建設。幾年來，這批青年在黨組織和老工人的關懷、教育下，積極參加三大革命運動的實踐，提高了路線鬥爭覺悟，增長了知識和才幹。他們根據本地區適合熱帶、亞熱帶經濟作物生長的特點，不斷擴大橡膠林的種植面積，使乾膠產量穩步上升，糧食作物也逐年增長。,1974,8,28
plxh-0427,橫貫上海市的黃浦江及其兩岸，在解放後的二十五年來，發生了深刻的變化。皆日的黃浦江是帝國主義者耀武揚威，橫行霸道的地方。中國人民革命的勝利使黃浦江回到人民的懷抱。在毛主席和中國共產黨的領導下，上海工人階級以自力更生的革命精神，在黃浦江邊建起了一座座現代化工廠，將過去依靠槓靡加籮筐裝卸貨物的上海港碼頭改造成為初步實現機械化的新海港。今日的黃浦江畔呈現出一派欣欣向榮的景象。,1974,4,6
plxh-0428,"蘇州，古老而年青的城市，二十五年來，在社會主義革命和社會主義建設中發生了互大變化，城市面貌煥然一新。
位於江蘇省太湖之濱的蘇州，建城已有二千五百餘年曆史（春秋時代吳王闔閭建都於此）。解放前，蘇州是個典型的國民黨反動官僚和地主資產階級的消費城市，只有十幾家工廠，手工業作坊佔了工業比重的百分之九十五。
解放後，蘇州人民在毛主席的無產階級革命路線指引下，積極進行城市改造和建設，發展社會主義經濟。今天，蘇州已有四百多個工廠，不僅能生產本市所需的絕大部分日用工業品，而且擁有治金、電子、儀表等現代企業。全市有計劃地興建了大批住宅，擴展了馬路，並修整了多座歷史上著名的園林。文化、衛生和教育事業也有了很大發展。
經過無產階級文化大革命鍛煉的蘇州人民更加意氣風發，潛著社會主義大道奮勇前進。",1974,5,24
plxh-0493,"中國山西省昔陽縣大寨大隊，遵照毛主席關於 '農業的根本出路在於機械化' 的教導，積極發展農業機械，促進了生產的發展。
大寨大隊是堅持社會主義方向，依靠艱苦奮鬥、自力更生髮展農業的。隨著農業生產的全面發展，迫切要求發展農業機械。他們在生產中積累資金，購買了比較適用於山區的拖拉機和一些小型農機具。
目前大寨大隊的耕作、農田基本建設、運輸、農作物脫粒和農副產品加工等。基本上實現了機械化和半機械化。農業機械完成的工作量，相當於全部勞力一年投工量的百分之六十，有力地促進了農業生產的發展。",1974,8,22
plxh-0496,"中國甘肅省甘南藏族自治州瑪曲縣尼瑪人民公社，已由一個貧窮落後的地方，變成欣欣向榮的新牧區。
尼瑪人民公社位於海拔三千七百多米的高原上，全公社四百九十多平方公里的草原上居住著一千八百多名藏族牧民。解放前，在國民黨反動派和封建牧主的壓迫、剝削下，藏族牧民受苦當奴隸。解放後，在毛主席、共產黨領導下，藏族牧民在政治上得到解放，在經濟上翻了身。無產階級文化大革命和批林批孔運動進一步提高了牧民的社會主義積極性，使公社的牧業生產有了新的發展。各類牧畜比文化大革命前淨增一倍，牧民生活水平也有了顯著提高。",1974,8,29
plxh-0504,"根治和開發漢江的關鍵工程 —— 丹江口水利樞紐初期工程建成後，日益發揮其綜合效益，促進了漢江流城各項建設專業的發展。
漢江，是長江最長的支流，也是中國水害頻繁的河流之一。在舊中國的年代裡，僅一九三五年一次洪水，就掩沒六百七十萬畝耕地，淹死八萬餘人。自丹江口水利樞紐建成以來，有效地控制了上游洪水，使中、下游得以初步解除水災威脅，並給嚴重缺水的豫西南、鄂北地區提供了灌溉水源。
裝機容量達九十萬千瓦的丹江口水電站，以強大的電力支援了鄂、豫兩省的工農業建設。此外， 這項大型水利工程還為航運和水產養殖事業的發展創造了有利條件。漢江流域人民多年夢寐以求的征服漢江的願望實現了，漢江兩岸的面貌正在日新月異地改變。",1974,8,28
plxh-0509,"有兩千多年曆史的中國古城南京，現已成為一座擁有二百四十萬人口的社會主義新城，建有礦山、鋼鐵、冶金、電訊器材、機床、石油化工、量具刃具、汽電、化紆等各種工業部門。
南京位於長江下游。從公元三世紀到十五世紀初，曾有八個封建王朝建都於此。在國民黨反動統治時期，南京是國民黨反動派鎮壓、剝削勞動人民的反動政治中心，是供官僚政客享樂的消費城市。
解放後，在中國共產黨領導下，南京市人民努力貫徹毛主席的革命路線，使昔日的消費城市變成了生機勃勃的社會主義工業城市。目前在批林批孔運動的推動下，南京各條戰線上的社會主義建設取得了更大的成績。",1974,9,14
plxh-0598,"華東浙江省桐鄉縣，位於長江流域美麗富饒的杭嘉湖平原中部，是一個以水稻為主的產糧區，也是蠶繭、湖羊、淡水魚和菸葉、杭菊的著名產地。這裡，水渠縱橫，河流交叉，歷來譽為魚米之鄉。
桐鄉縣在解放前，由於國民黨反動統治，河道長年失修，自然災害不斷，農業生產停滯不前。解放後，在共產黨和人民政府的關懷下，桐鄉縣的農業生產有了很大的發展。經過無產階級文化大革命和批林批孔運動，又出現了新的面貌。全縣廣大干部和群眾，依靠人民公社集體經濟的力量，開展了農田水利基本建設。培育和推廣了優良品種，實行科學種田，發展多種經營，使桐鄉縣成為全省農業學大寨的先進縣之一。",1974,8,9
plxh-0600,"中國河南省林縣廣大勞動人民，在毛主席革命路線指引下，奮戰十年，在巍巍太行山上，鑿出了被譽為 '人造天河' ，結束了林縣嚴重干旱缺水的歷史，使過去的窮山溝，變成了欣欣向榮的社會主義新農村。
解放前，林縣是一個遍地荒山禿嶺，水貴如油的窮鄉僻壤，人民生活非常困苦。許多村莊吃水都要到幾公里甚至十幾公里外去擔。解放後，林縣人民決心 '重新安排林縣河山' ，向大自然宣戰。他們在黨的領導下，經過十年的艱苦奮鬥，建成總長一千五百公里的紅旗渠，使山西省的漳河水，穿過太行山腰，灌溉林縣大地。千百年來林縣人民夢寐以求的 '流水村前過' 的理想，終於在社會主義條件下實現了。現在全縣水澆地面積已從解放前的一萬二千畝增加到六十萬畝，糧食平均畝產由解放前的一百來斤提高到五百八十八斤。紅旗渠兩岸農、林、牧、副、漁一片興旺。鋼鐵、電力、水泥、化肥等小型工業也迅速發展起來。林縣的變化，是毛澤東思想的偉大勝利。林縣人民決心繼續革命，為進一步發揮紅旗渠的效益，奪取新的勝利而努力奮鬥。",1974,3,22
plxh-0606,"在偉大的無產階級文化大革命中，在毛主席的無產階級革命路線指引下，中國英雄的築路軍民勝利地建成了祖國西南地區的交通幹線 —— 成昆鐵路。這條鐵路從一九七〇年七月一日正式通車以來，線路質量良好，運輸暢通無阻。
成昆鐵路北起四川成都，南抵雲南昆明，全長一千零八十五公里。它北與寶成鐵路（陝西寶雞 —— 四川成都）相接，形成了縱貫中國西南、西北地區的交通大動脈。成昆鐵路的通車，對於加強中國各族人民的團結，促進中國西南地區工農業生產的發展，改變沿海和內地的工業佈局，提供了有利條件。
成昆鐵路經過當年紅軍長征時走過的地區。鐵路越大渡河，穿過大、小涼山，橫跨金沙江。沿線山高谷深、川大流急，地質複雜，氣候多變，工程十分艱鉅。一九五八年，幾個外國專家來這裡觀察地形，把沿線宣判為 '不能修路的禁區'。一九六四年，廣大築路軍民響應毛主席發出的 '成昆鐵路要快修” 的偉大號召，批判了 '洋奴哲學' 、 '爬行主義' 等修正主義黑貨，發揚自力更生、艱苦奮鬥的革命精神，於一九七〇年建成了成昆鐵路。成昆鐵路的修建過程中，共鑿穿了幾百座大山，修建隧道四百二十七座、橋樑六百五十三座，全線橋樑和隧道總長達四百多公里。
日前，廣大鐵路職工在批林批孔運動推動下，正努力提高運輸效率和運輸質量，為社會主義革命和社會主義建設服務。",1974,4,1
plxh-0607,"女工佔工人總數百分之七十的北京第三棉紡織廠，是北京解放後興建的三大棉紡織廠之一。在全廠職工努力下，這個廠建立十七年來，年年超額完成國家計劃，產品由原來的幾種增加到三十多種，銷國內外。
經過無產階級文化大革命的鍛煉，全廠職工的精神面貌發生了巨大變化。當前，他們正在朝氣蓬勃地【】入批林批孔鬥爭，並在 '為革命紡紗織布' 的口號下，積極開展群眾性的技術革新活動，努力提高產品質量。在斗爭中，大批女工成為抓革命、促生產的闖將，並有一批女工被提拔到各級領導崗位上，成為管理工廠的一支重要力量。",1974,3,26
plxh-0627,成昆鐵路線上候車的少數民族婦女，喜悅地等候列車進站。,1974,4,1
